{"cameraMode":{"drawMode":0,"name":"Shaded","section":"Shading Mode"},"sceneLighting":false,"audioPlay":false,"sceneViewState":{"showFog":true,"showMaterialUpdate":false,"showSkybox":false,"showFlares":true,"showImageEffects":true,"showParticleSystems":true},"in2DMode":false,"pivot":{"x":-45.52107238769531,"y":25.556106567382814,"z":-53.66016387939453},"rotation":{"x":0.42944955825805666,"y":0.020623642951250078,"z":-0.009815831668674946,"w":0.9028193950653076},"size":16.858366012573243,"orthographic":false}