{"cameraMode":{"drawMode":0,"name":"Shaded","section":"Shading Mode"},"sceneLighting":false,"audioPlay":false,"sceneViewState":{"showFog":true,"showMaterialUpdate":false,"showSkybox":false,"showFlares":true,"showImageEffects":true,"showParticleSystems":true},"in2DMode":false,"pivot":{"x":-2.932600975036621,"y":9.266231536865235,"z":-0.7970508337020874},"rotation":{"x":-0.08004643768072128,"y":0.9031110405921936,"z":-0.19284746050834657,"w":-0.37569695711135867},"size":8.733720779418946,"orthographic":false}