{"cameraMode":{"drawMode":0,"name":"Shaded","section":"Shading Mode"},"sceneLighting":false,"audioPlay":false,"sceneViewState":{"showFog":true,"showMaterialUpdate":false,"showSkybox":false,"showFlares":true,"showImageEffects":true,"showParticleSystems":true},"in2DMode":false,"pivot":{"x":10.829057693481446,"y":0.49877262115478518,"z":-5.903284072875977},"rotation":{"x":0.050887104123830798,"y":-0.919279932975769,"z":0.1262199431657791,"w":0.36965319514274599},"size":4.548832893371582,"orthographic":false}