{"cameraMode":{"drawMode":0,"name":"Shaded","section":"Shading Mode"},"sceneLighting":false,"audioPlay":false,"sceneViewState":{"showFog":true,"showMaterialUpdate":false,"showSkybox":false,"showFlares":true,"showImageEffects":true,"showParticleSystems":true},"in2DMode":false,"pivot":{"x":40.496002197265628,"y":7.207333564758301,"z":-4.867918968200684},"rotation":{"x":0.25487107038497927,"y":-0.4232255220413208,"z":0.1253756880760193,"w":0.8603672385215759},"size":2.937523603439331,"orthographic":false}