{"cameraMode":{"drawMode":0,"name":"Shaded","section":"Shading Mode"},"sceneLighting":false,"audioPlay":false,"sceneViewState":{"showFog":true,"showMaterialUpdate":false,"showSkybox":false,"showFlares":true,"showImageEffects":true,"showParticleSystems":true},"in2DMode":false,"pivot":{"x":-1.5856208801269532,"y":-0.9593610763549805,"z":0.7232169508934021},"rotation":{"x":-0.22603484988212586,"y":0.4976029694080353,"z":-0.1361289769411087,"w":-0.8264092803001404},"size":1.3404436111450196,"orthographic":false}