{"cameraMode":{"drawMode":0,"name":"Shaded","section":"Shading Mode"},"sceneLighting":false,"audioPlay":false,"sceneViewState":{"showFog":true,"showMaterialUpdate":false,"showSkybox":false,"showFlares":true,"showImageEffects":true,"showParticleSystems":true},"in2DMode":false,"pivot":{"x":-4.062615871429443,"y":-0.04717769846320152,"z":13.301995277404786},"rotation":{"x":-0.14566293358802796,"y":0.6288732886314392,"z":-0.12147180736064911,"w":-0.7540993690490723},"size":109.28081512451172,"orthographic":false}