{"cameraMode":{"drawMode":0,"name":"Shaded","section":"Shading Mode"},"sceneLighting":false,"audioPlay":false,"sceneViewState":{"showFog":true,"showMaterialUpdate":false,"showSkybox":false,"showFlares":true,"showImageEffects":true,"showParticleSystems":true},"in2DMode":false,"pivot":{"x":-9.97700023651123,"y":5.304299831390381,"z":0.20362061262130738},"rotation":{"x":-0.04487093165516853,"y":-0.14013734459877015,"z":0.006244568154215813,"w":-0.9892929792404175},"size":0.2124500870704651,"orthographic":false}