{"cameraMode":{"drawMode":0,"name":"Shaded","section":"Shading Mode"},"sceneLighting":false,"audioPlay":false,"sceneViewState":{"showFog":true,"showMaterialUpdate":false,"showSkybox":false,"showFlares":true,"showImageEffects":true,"showParticleSystems":true},"in2DMode":false,"pivot":{"x":-32.77360916137695,"y":4.822592735290527,"z":-59.732765197753909},"rotation":{"x":-0.06371691077947617,"y":0.9176914691925049,"z":-0.1641465574502945,"w":-0.3561810851097107},"size":5.9311747550964359,"orthographic":false}