{"cameraMode":{"drawMode":0,"name":"Shaded","section":"Shading Mode"},"sceneLighting":true,"audioPlay":false,"sceneViewState":{"showFog":true,"showMaterialUpdate":false,"showSkybox":true,"showFlares":true,"showImageEffects":true,"showParticleSystems":true},"in2DMode":false,"pivot":{"x":-85.82755279541016,"y":-160.97909545898438,"z":115.54336547851563},"rotation":{"x":0.4416193664073944,"y":0.02410421334207058,"z":-0.012048733420670033,"w":0.8969958424568176},"size":163.60690307617188,"orthographic":false}