{"cameraMode":{"drawMode":0,"name":"Shaded","section":"Shading Mode"},"sceneLighting":false,"audioPlay":false,"sceneViewState":{"showFog":true,"showMaterialUpdate":false,"showSkybox":false,"showFlares":true,"showImageEffects":true,"showParticleSystems":true},"in2DMode":false,"pivot":{"x":23.349990844726564,"y":14.537635803222657,"z":-11.688671112060547},"rotation":{"x":-0.11627233773469925,"y":0.5922096371650696,"z":-0.08664347976446152,"w":-0.7927970886230469},"size":11.142518997192383,"orthographic":false}